1280DOB20943,-1.8993404116,50.7443182476,Bournemouth University
1280DOB20945,-1.8985919413,50.7430585945,Bournemouth University
1280DOB20955,-1.8966344029,50.7438122787,Bournemouth University
1280POA11619,-1.9062857141,50.7228489772,County Gates
1280POA11621,-1.9063281431,50.722884983,County Gates
1280POA11623,-1.9063847391,50.7229210001,County Gates
1280POA11746,-1.949932075,50.7247014501,Ashley Cross Post Office
1280POA11747,-1.949407781,50.7247911529,Ashley Cross Post Office
1280POA11748,-1.9459077526,50.7253561356,Castle Hill
1280POA11749,-1.944561727,50.7254364397,Castle Hill
1280POA11750,-1.9408788358,50.7248680767,Wessex Academy
1280POA11751,-1.9402273579,50.7246878862,Wessex Academy
1280POA11752,-1.9356654536,50.7246674726,The Grasshopper
1280POA11753,-1.9363173281,50.7245419296,The Grasshopper
1280POA11754,-1.9318119268,50.724647297,Majestic Wine Warehouse
1280POA11755,-1.92716398,50.7253009693,North Lodge Road
1280POA11756,-1.9260012401,50.7259297414,St. Josephs Church
1280POA11757,-1.9259726494,50.7260915957,St. Josephs Church
1280POA11758,-1.9289783926,50.7246725843,North Lodge Road
1280POA11759,-1.9324495792,50.7245667319,Hardy Road
1280POA90830,-1.8990312079,50.7431039401,Bournemouth University
1290BOA05335,-1.8440832305,50.7513528499,Castlepoint Centre
1290BOA05336,-1.894733352,50.7509509287,Jubilee Gardens
1290BOA05337,-1.8933075041,50.7483686761,Hibberd Way
1290BOA05338,-1.8906101578,50.7501557608,Gorsecliffe Road
1290BOA05343,-1.7940454765,50.7250608944,Belle Vue Crescent
1290BOA05358,-1.9279010046,50.7620193929,Knighton Heath Road
1290BOA05692,-1.8393631768,50.7470928091,Feversham Avenue Shops
1290BOA05693,-1.8579237156,50.7449675972,The Crematorium
1290BOA05694,-1.8609977021,50.7455378538,The Library
1290BOA05695,-1.8589605836,50.7395191613,Howard Road
1290BOA05696,-1.8539735224,50.7390453923,Queens Park
1290BOA05697,-1.8537892054,50.7390721401,Queens Park
1290BOA05701,-1.9133361849,50.7560921744,Coleman Road
1290BOA05711,-1.8224914136,50.7445053748,Littledown Centre
1290BOA05712,-1.8747578286,50.7305802637,Homeoaks House
1290BOA05723,-1.8439693782,50.7514875909,Castlepoint Centre
1290BOA05735,-1.8250079942,50.730983849,Pokesdown Station restricted use
1290BOA05736,-1.8820471384,50.7167837292,Kerley Road
1290BOA05737,-1.8816080663,50.7167652983,Beacon Road
1290BOA05738,-1.8924316068,50.7223424086,Suffolk Road
1290BOA05784,-1.8824368764,50.7195359597,Terrace Road
1290BOA05785,-1.8729857991,50.7309020918,Cemetery Junction
1290BOA05819,-1.8783704004,50.719864527,Bournemouth Square
1290BOA05821,-1.8378481571,50.7261012708,Hawkwood Road Car Park
1290BOA05840,-1.8174869339,50.7265927679,Fishermans Walk
1290BOA05841,-1.8359445765,50.7275554613,Ashley Road
1290BOA05842,-1.8643968096,50.7218995008,Lansdowne Unilinx
1290BOA05874,-1.8793506646,50.7408370165,Winton Banks
1290BOA05875,-1.8727254384,50.7224035001,Horseshoe Common
1290BOA05876,-1.875420224,50.7212373301,Burlington Arcade
1290BOA05878,-1.8575159109,50.7345623154,Capstone Road
1290BOA05879,-1.832156444,50.752793142,Cowdrey Gardens
1290BOA05880,-1.8263864836,50.7528836171,Birch Drive
1290BOA05881,-1.824999187,50.7523599565,Swansbury Drive
1290BOA05882,-1.879524632,50.7393173967,Winton Banks
1290BOA05900,-1.8208991898,50.7457619455,Bournemouth Hospital
1290BOA05904,-1.8936195755,50.767029164,Timothy Close
1290BOA05917,-1.8659106351,50.7226026997,Lansdowne
1290BOA05921,-1.8253716718,50.7513083475,Wilkinson Drive
1290BOA05922,-1.8657819337,50.7577288105,West Way
1290BOA05936,-1.8870123135,50.7196034337,Poole Hill
1290BOA05954,-1.8793863051,50.7269609985,Merlewood Close
1290BOA05955,-1.8803786247,50.7267461906,Wychwood Drive
1290BOA05968,-1.8536624128,50.7524713872,Bournemouth School For Girls
1290BOA56550,-1.8656773328,50.7249226053,Purbeck House
1290BOA56551,-1.8663883943,50.7239791655,Purbeck House
1290BOA56556,-1.9255507857,50.7598416437,Clock Garage
1290BOA56557,-1.9247968823,50.7613789396,Oakmead Gardens
1290BOA56559,-1.9244106132,50.7635189905,Oakmead School
1290BOA56560,-1.9240989472,50.7633479238,Oakmead School
1290BOA56561,-1.8872423552,50.7713037706,Kinson Park Road
1290BOA56562,-1.8852868291,50.7532801679,Redhill Drive
1290BOA56563,-1.8789585231,50.7610076405,Pine Vale Crescent
1290BOA56564,-1.841515464,50.751942919,Castlepoint Centre
1290BOA56565,-1.829295854,50.7519796307,Townsend School
1290BOA56566,-1.8292819727,50.7518986745,Townsend School
1290BOA56567,-1.8998515393,50.7306135083,Talbot Heath School
1290BOA56568,-1.82899018,50.7386067511,Avonbourne School
1290BOA56569,-1.8674079787,50.7241422019,Cranborne House
1290BOA56570,-1.8672934465,50.724564739,Cranborne House
1290BOA56571,-1.8427520306,50.7509643687,Castlepoint
1290BOA56572,-1.8290106699,50.7524378499,Townsend School
1290BOA90800,-1.9152137743,50.7604910664,Draper Road
1290BOA90801,-1.9145465434,50.7609582083,Draper Road
1290BOA90802,-1.9109470164,50.7600112648,St Philips Church
1290BOA90806,-1.8166374491,50.7445862464,Tesco
1290BOA90807,-1.8897915144,50.7184639917,Durley Chine Road
1290BOA90808,-1.8184665757,50.7260637147,Fishermans Walk
1290BOA90809,-1.8328248082,50.7243405569,Shelley Manor
1290BOA90810,-1.8327542917,50.7242505265,Shelley Manor
1290BOA90811,-1.8874673496,50.7484531158,Gorsecliff Road
1290BOA90812,-1.8193572128,50.7265687015,Fishermans Walk Car Park
1290BOA90813,-1.8284078991,50.7273107982,Anglo European College
1290BOA90814,-1.8436985107,50.7221433799,Boscombe Spa Road
1290BOA90815,-1.8467405611,50.7233075056,Wharncliffe Road
1290BOA90816,-1.8466268433,50.7234242641,Wharncliffe Road
1290BOA90817,-1.8606796312,50.7189814096,Suncliff Hotel
1290BOA90818,-1.8605523265,50.7189183069,Suncliff Hotel
1290BOA90819,-1.8701601833,50.7176613984,Russell Cotes Museum
1290BOA90820,-1.8611540649,50.7214190593,St Swithuns Church
1290BOA90821,-1.860927508,50.7213828176,St Swithuns Church
1290BOA90822,-1.9277733543,50.7620462925,Knighton Heath Road
1290BOA90823,-1.9006662971,50.7205511297,Marlborough Road
1290BOA90824,-1.9004539753,50.7204700123,Marlborough Road
1290BOA90827,-1.8507901803,50.7507501076,Bournemouth School for Girls
1290BOA90831,-1.8944168749,50.7593050214,Dowlands Road
1290BOA90832,-1.8951433648,50.7577768894,Minstead Road
1290BOA90833,-1.8977507624,50.758354748,Minstead Road
1290BOA90834,-1.8871126594,50.7485876663,Gorsecliff Road
1290BOA90836,-1.8720613879,50.7321510958,Wellington Road
1290BOA90838,-1.9201825525,50.7567445474,Mandale Road Top
1290BOA90841,-1.8157547004,50.7275432935,Beaufort Road
1290BOA90844,-1.8788613418,50.7217535528,Norfolk Royale Hotel
1290BOA90845,-1.8526150811,50.724843876,Carrington House Hotel
1290BOA90846,-1.8435849079,50.7222241639,Boscombe Spa Road
1290BOA90847,-1.9123340543,50.7613072879,Travellers Lane
1290BOA90848,-1.9125897704,50.761037694,Travellers Lane
1290BOA90849,-1.8566083326,50.7208559962,Manor Road Airshow
1290BOA90850,-1.8403408778,50.7346839515,Kings Park Airshow
1290BOA90851,-1.8817693693,50.7539870923,Redhill Park Airshow
1290BOA90852,-1.8774498212,50.7197826267,Bournemouth Square
1290BOA90853,-1.8207861085,50.7456808357,Bournemouth Hospital
1290BOA90854,-1.8398609129,50.7258342647,Boscombe precinct
1290BOA90855,-1.8183548161,50.7219897447,Portman Crescent
1290BOA90856,-1.7889856061,50.7286670036,Tea Gardens
1290BOB20001,-1.9060084322,50.7693779468,Tonge Road
1290BOB20003,-1.9103341769,50.7690935812,Durdells Avenue
1290BOB20011,-1.9255710393,50.7649496011,Knighton Heath Road
1290BOB20012,-1.9257284247,50.7640594086,Knighton Heath Road
1290BOB20013,-1.9263826087,50.7628278018,Gaydon Rise
1290BOB20014,-1.9265533478,50.7624502093,Gaydon Rise
1290BOB20016,-1.9267307687,50.7577920176,High Howe Close
1290BOB20017,-1.9286894599,50.7563453799,Paddington Grove
1290BOB20018,-1.9311731579,50.7544943407,Francis Avenue
1290BOB20019,-1.9311868465,50.754827085,Francis Avenue
1290BOB20020,-1.9291005396,50.756381602,Paddington Grove
1290BOB20021,-1.9263893809,50.758511232,High Howe Close
1290BOB20022,-1.9266555802,50.760543787,High Howe Gardens
1290BOB20023,-1.9269105095,50.7607238043,High Howe Gardens
1290BOB20024,-1.9282437564,50.760409882,High Howe Close
1290BOB20025,-1.9280736724,50.7603738058,High Howe Close
1290BOB20026,-1.9315617584,50.7602140331,Littlemoor Avenue
1290BOB20027,-1.9315904295,50.7599982212,Littlemoor Avenue
1290BOB20028,-1.9305287734,50.7588465071,Todber Close
1290BOB20029,-1.9305002313,50.7589723902,Littlemoor Avenue
1290BOB20031,-1.9281630375,50.7575680869,Littlemoor Avenue
1290BOB20032,-1.9280920678,50.7576220004,Littlemoor Avenue
1290BOB20064,-1.9035427937,50.7684766488,Oxford Lane
1290BOB20065,-1.9037557071,50.7683779033,Oxford Lane
1290BOB20066,-1.9065806497,50.7668783937,Vince Close
1290BOB20067,-1.9069937657,50.7659254812,Vince Close
1290BOB20068,-1.9079174199,50.764928007,Durdells Avenue
1290BOB20069,-1.9087412549,50.7642002331,Durdells Avenue
1290BOB20070,-1.9102169968,50.7636348283,Mayfair Gardens
1290BOB20071,-1.9110685518,50.7632128164,Mayfair Gardens
1290BOB20072,-1.9131691728,50.7620723059,April Close
1290BOB20073,-1.9135805225,50.7619826828,April Close
1290BOB20074,-1.9158364735,50.7611300106,Dental Surgery
1290BOB20075,-1.916815442,50.7607620056,Dental Surgery
1290BOB20076,-1.9197924683,50.761015891,Duck Lane
1290BOB20077,-1.9203169943,50.7610612148,Duck Lane
1290BOB20078,-1.9226163218,50.7595969263,Turbary Park Avenue
1290BOB20079,-1.9224462451,50.7595608419,Turbary Park Avenue
1290BOB20080,-1.9193457451,50.7569508077,Mandale Road Top
1290BOB20081,-1.9197718456,50.7564924653,Mandale Road Top
1290BOB20082,-1.9185555669,50.7547919697,Turbary Common Gate
1290BOB20083,-1.918130521,50.7546477861,Turbary Common Gate
1290BOB20084,-1.9160338767,50.7538189512,Turbary Park Flats
1290BOB20085,-1.9155518998,50.7538096103,Turbary Park Flats
1290BOB20086,-1.9131855785,50.7532053503,Lydford Road
1290BOB20087,-1.912774422,50.7532320222,Lydford Road
1290BOB20088,-1.9102514224,50.7530502504,Fernheath Road
1290BOB20089,-1.9098966936,50.7532208415,Fernheath Road
1290BOB20090,-1.9073316393,50.7528051594,Turbary Park Avenue
1290BOB20091,-1.9062836421,50.752291728,Turbary Park Avenue
1290BOB20101,-1.9198278318,50.7569151686,Mandale Road Top
1290BOB20102,-1.9174291946,50.7584422826,Gladdis Road
1290BOB20103,-1.9176836669,50.7588561343,Gladdis Road
1290BOB20104,-1.9182491647,50.7597827972,Nutley Way
1290BOB20105,-1.9184621795,50.7595851033,Nutley Way
1290BOB20106,-1.9169886211,50.7590444919,Gladdis Road
1290BOB20107,-1.9151020566,50.7595467344,Maclean Road
1290BOB20108,-1.9152586479,50.7591961265,Maclean Road
1290BOB20109,-1.916167495,50.7583784325,Maclean Road
1290BOB20110,-1.9162956232,50.7580817599,Maclean Road
1290BOB20111,-1.9181132377,50.7564283625,Maclean Road
1290BOB20112,-1.9173640865,50.7551598393,Batchelor Road
1290BOB20113,-1.9170663446,50.7551776137,Batchelor Road
1290BOB20114,-1.9142597077,50.7549867339,Coleman Road
1290BOB20115,-1.9135501976,50.7553549178,Coleman Road
1290BOB20116,-1.9095696733,50.7537241894,Fernheath Road
1290BOB20117,-1.9099098684,50.7537424384,Fernheath Road
1290BOB20121,-1.9133614507,50.7577648668,Springwater Road
1290BOB20122,-1.9126232182,50.7583038881,Springwater Road
1290BOB20124,-1.9117144462,50.7590496117,Cunningham Place
1290BOB20125,-1.9101940606,50.7608020595,St Philips Church
1290BOB20126,-1.9111289135,50.7612883901,Draper Road
1290BOB20128,-1.9116650562,50.7626916838,Poole Lane
1290BOB20129,-1.9114036203,50.7584738325,Cunningham Place
1290BOB20130,-1.9096172338,50.7584724619,Cunningham Crescent
1290BOB20131,-1.9098727255,50.7583197809,Cunningham Crescent
1290BOB20132,-1.9051223492,50.7587476709,Tedder Road
1290BOB20133,-1.9047958413,50.7589542407,Tedder Road
1290BOB20134,-1.9022559335,50.7599503479,Kinson Baths
1290BOB20135,-1.9017594736,50.7600578451,Kinson Baths
1290BOB20197,-1.7908284845,50.7284544938,Tuckton Bridge
1290BOB20198,-1.7930811624,50.7284854917,Tuckton Shops
1290BOB20199,-1.7939023461,50.7286218399,Tuckton Shops
1290BOB20200,-1.7948380226,50.728497589,New Church
1290BOB20201,-1.790884438,50.7286164668,Tuckton Bridge
1290BOB20202,-1.7901735989,50.7291547651,Tuckton Bridge
1290BOB20203,-1.7906464979,50.7279595564,Tuckton Bridge
1290BOB20204,-1.7912005438,50.7276278116,Tuckton Bridge
1290BOB20205,-1.7911464295,50.7270521676,Brightlands Avenue
1290BOB20206,-1.7873436763,50.7251747655,Nugent Road
1290BOB20207,-1.7865795688,50.7249665321,Nugent Road
1290BOB20208,-1.7834130197,50.723449881,Kingsley Avenue
1290BOB20209,-1.7835268945,50.7233331844,Kingsley Avenue
1290BOB20210,-1.7814198637,50.7225019038,Broadway Shops
1290BOB20211,-1.7817739901,50.72251156,Broadway Shops
1290BOB20212,-1.7689966945,50.7193843831,Hengistbury Head
1290BOB20213,-1.7783130279,50.7204096773,St Nicholas Church
1290BOB20214,-1.7786106854,50.7203742711,St Nicholas Church
1290BOB20215,-1.7833070421,50.7187823508,Point House Cafe
1290BOB20216,-1.7847380981,50.718713058,Point House Cafe
1290BOB20217,-1.7838546197,50.7198445338,Hengistbury Road
1290BOB20218,-1.783485684,50.7199787434,Hengistbury Road
1290BOB20219,-1.7825176532,50.7210021365,Baring Road
1290BOB20220,-1.7820774977,50.7212171452,Baring Road
1290BOB20222,-1.7917844727,50.7269453935,Broadway
1290BOB20223,-1.7936193055,50.7253209358,Belle Vue Crescent
1290BOB20224,-1.7945910372,50.7234161508,Twynham Road
1290BOB20225,-1.7951176873,50.7228505227,Twynham Road
1290BOB20228,-1.7959146634,50.7220155777,Church Road
1290BOB20229,-1.7974032029,50.7217753644,Belle Vue Mansions
1290BOB20230,-1.7971537572,50.7204889412,Car Park
1290BOB20232,-1.7926661091,50.7197975847,Warren Edge Close
1290BOB20233,-1.7922986299,50.719608079,Warren Edge Close
1290BOB20234,-1.7881489648,50.7193937756,Stevenson Road
1290BOB20235,-1.7877956321,50.7192132743,Stevenson Road
1290BOB20236,-1.7857697262,50.7192545344,Dalmeny Road
1290BOB20237,-1.7865040165,50.7197684786,Dalmeny Road
1290BOB20238,-1.7888366633,50.7208248999,Willdown Road
1290BOB20240,-1.7889488218,50.7210858981,Willdown Road
1290BOB20241,-1.7918799334,50.7213879335,St Catherines Road
1290BOB20242,-1.7926449191,50.7213892965,St Catherines Road
1290BOB20244,-1.79510705,50.7220411401,Church Road
1290BOB20245,-1.7994337759,50.7206637512,Southbourne Cross Roads
1290BOB20246,-1.8047291666,50.7213382168,Marine Road
1290BOB20247,-1.805295189,50.7214920432,Marine Road
1290BOB20248,-1.8076477026,50.7212801174,Grange Hotel
1290BOB20249,-1.8079456377,50.7211726933,Grange Hotel
1290BOB20250,-1.8106073895,50.7215547503,Stourwood Avenue
1290BOB20251,-1.8110459714,50.7216993488,Stourwood Avenuee
1290BOB20252,-1.8133842318,50.7215052701,Southwood Avenue
1290BOB20253,-1.8138227505,50.7216678438,Southwood Avenue
1290BOB20254,-1.8162588972,50.7217976093,Fishermans Walk
1290BOB20255,-1.8167266037,50.7217443878,Fishermans Walk
1290BOB20256,-1.822591243,50.7218343947,Ravine Road
1290BOB20257,-1.8221372322,50.7220135616,Ravine Road
1290BOB20258,-1.8256650202,50.7219379532,Woodland Bowling Club
1290BOB20259,-1.8265571837,50.722029213,Woodland Bowling Club
1290BOB20260,-1.8309218313,50.7216669136,Shelley Park
1290BOB20261,-1.8313747726,50.7217754847,Shelley Park
1290BOB20262,-1.8359925666,50.7219259583,Wollstonecraft Road
1290BOB20263,-1.8364180655,50.7217826691,Wollstonecraft Road
1290BOB20264,-1.8391507334,50.7222181314,Michelgrove Road
1290BOB20265,-1.8397181373,50.7220030825,San Remo Towers
1290BOB20266,-1.8433085017,50.7201464262,Boscombe Pier
1290BOB20268,-1.8417723283,50.7219968952,Marina Court
1290BOB20269,-1.8409495073,50.7223375069,San Remo Towers
1290BOB20271,-1.8406768022,50.7233803141,Percy Road
1290BOB20272,-1.8405207205,50.7234520442,Percy Road
1290BOB20273,-1.8380746568,50.726155543,Sainsburys Supermarket
1290BOB20274,-1.8242860316,50.730802905,Pokesdown Station
1290BOB20276,-1.8218693622,50.7291445416,Darracott Road
1290BOB20277,-1.8213749259,50.7287570897,Darracott Road
1290BOB20278,-1.8180105226,50.7267554589,Fishermans Walk
1290BOB20279,-1.8174293533,50.7268264937,Fishermans Walk
1290BOB20280,-1.8156965454,50.7279209042,Oxford Avenue
1290BOB20281,-1.815285167,50.7280461542,Oxford Avenue
1290BOB20282,-1.8127978079,50.7300206298,Herberton Road
1290BOB20283,-1.8128268984,50.7298318252,Herberton Road
1290BOB20284,-1.8118740121,50.7307205906,Kimberley Road
1290BOB20285,-1.8111071015,50.7311600038,Kimberley Road
1290BOB20286,-1.809756204,50.7323448725,Burleigh Road
1290BOB20287,-1.8093304552,50.7325060496,Burleigh Road
1290BOB20288,-1.8078519797,50.7336816945,Stourfield School
1290BOB20289,-1.8072278299,50.7338425368,Stourfield School
1290BOB20290,-1.8041741976,50.732128795,Irving Road
1290BOB20291,-1.8039484591,50.7318945999,Irving Road
1290BOB20292,-1.8020106764,50.7310729704,Seafield Road
1290BOB20293,-1.8013736269,50.7309369932,Seafield Road
1290BOB20294,-1.7991109254,50.7299079243,The Athelstan
1290BOB20295,-1.7981780527,50.7293757311,The Athelstan
1290BOB20296,-1.7969607785,50.7290858445,New Church
1290BOB20297,-1.7984522971,50.7215973239,Southbourne Cross Roads
1290BOB20298,-1.7991312882,50.7218323118,Southbourne Cross Roads
1290BOB20299,-1.8023459209,50.7221165863,Avoncliffe Road
1290BOB20300,-1.8028552782,50.7222703284,Avoncliffe Road
1290BOB20301,-1.8063376495,50.7229146623,Clifton Road
1290BOB20302,-1.8066869373,50.7241023086,Tuckton Corner
1290BOB20303,-1.8078171892,50.7248685757,Tuckton Corner
1290BOB20304,-1.8106894162,50.7258085386,Carberry Avenue
1290BOB20305,-1.8113408077,50.7258905306,Carberry Avenue
1290BOB20307,-1.8142865323,50.726192026,Grand Avenue
1290BOB20308,-1.81483954,50.7260759974,Grand Avenue
1290BOB20309,-1.8182515532,50.7267108702,Fishermans Walk
1290BOB20314,-1.837997243,50.7280619346,Bus Station
1290BOB20315,-1.839512745,50.7282169099,Sovereign Centre
1290BOB20316,-1.8387870036,50.7291331864,Centenary Way
1290BOB20317,-1.8403700558,50.7302684717,Portman Hotel
1290BOB20318,-1.8430107845,50.7329339591,Kings Park
1290BOB20319,-1.8418807328,50.7318802615,Kings Park
1290BOB20320,-1.8395640748,50.7297817481,Portman Hotel
1290BOB20321,-1.8448321685,50.7349148369,Queens Park Hotel
1290BOB20322,-1.846661546,50.7344945902,Queens Park Hotel
1290BOB20323,-1.848193635,50.733975006,St Marys Church
1290BOB20324,-1.848989048,50.7333914997,St Marys Church
1290BOB20325,-1.8502657301,50.7329614864,Capstone Place
1290BOB20326,-1.8512880442,50.7323063121,Capstone Place
1290BOB20328,-1.8524795735,50.7319031446,Springbourne Library
1290BOB20329,-1.8532605601,50.7313735482,Springbourne Library
1290BOB20330,-1.8553744404,50.7305218624,Stewart Close
1290BOB20331,-1.8567087323,50.7297411261,Stewart Close
1290BOB20332,-1.8583826501,50.7290866883,Ophir Gardens
1290BOB20333,-1.8594898319,50.728413559,Ophir Gardens
1290BOB20334,-1.8630898026,50.728022153,Wellington Road
1290BOB20335,-1.862862871,50.7281028226,Wellington Road
1290BOB20336,-1.8667974247,50.7296181933,Beechey Road
1290BOB20337,-1.8674325651,50.7304912297,Wellington Road
1290BOB20338,-1.8660992502,50.7309843165,Ophir Road
1290BOB20339,-1.8648069662,50.7319810386,Methuen Road
1290BOB20341,-1.8644521021,50.7321964565,Methuen Road
1290BOB20342,-1.8608397312,50.7318864425,Lowther Road
1290BOB20343,-1.8606414098,50.7318682198,Lowther Road
1290BOB20344,-1.8591068834,50.7332692698,St Andrews Church
1290BOB20345,-1.8588366256,50.7336106735,St Andrews Church
1290BOB20346,-1.8579281862,50.734122166,Capstone Road
1290BOB20347,-1.8581677776,50.7345541172,Bennett Road
1290BOB20348,-1.8612687096,50.7353672091,St Leonards Road
1290BOB20349,-1.8619338851,50.7356557716,St Leonards Road
1290BOB20350,-1.8644543075,50.7363421892,Richmond Arms
1290BOB20351,-1.8649644364,50.7363517739,Richmond Arms
1290BOB20352,-1.8746824237,50.7322888357,Cemetery Junction
1290BOB20353,-1.8771437025,50.7339191712,Stokewood Road
1290BOB20354,-1.8772281127,50.7341530756,Stokewood Road
1290BOB20356,-1.8795769721,50.7354864749,East Avenue Roundabout
1290BOB20357,-1.8819716198,50.7355698594,Berwick Road
1290BOB20358,-1.8824543479,50.7352016379,Berwick Road
1290BOB20359,-1.887587303,50.733875749,Elgin Road
1290BOB20360,-1.8886931141,50.7336519871,Elgin Road
1290BOB20361,-1.8924341621,50.7336015406,East Avenue
1290BOB20362,-1.8936823775,50.733054118,East Avenue
1290BOB20363,-1.8940427743,50.7303295945,Rothsay Road
1290BOB20364,-1.8945388163,50.7302760868,Rothsay Road
1290BOB20365,-1.8981442161,50.7273116304,Glenferness Avenue Bottom
1290BOB20366,-1.8983140016,50.7274196935,Glenferness Avenue Bottom
1290BOB20367,-1.8941057537,50.7338189003,Alyth Road
1290BOB20368,-1.8935524425,50.7341151624,Alyth Road
1290BOB20369,-1.8919040296,50.7361370494,Dunkeld Road
1290BOB20370,-1.8911663916,50.7364601077,Dunkeld Road
1290BOB20371,-1.8894323403,50.7386617371,Roslin Road South
1290BOB20372,-1.8892913232,50.7383648376,Roslin Road South
1290BOB20379,-1.8848716719,50.7202488305,The Triangle
1290BOB20380,-1.8846591138,50.7202755992,The Triangle
1290BOB20381,-1.8844748657,50.7203113885,The Triangle
1290BOB20384,-1.8802845522,50.7191830454,Exeter Road
1290BOB20385,-1.8792339719,50.7200812549,Bournemouth Square
1290BOB20386,-1.8790074306,50.7200360554,Bournemouth Square
1290BOB20387,-1.878809245,50.719981892,Bournemouth Square
1290BOB20388,-1.8784695159,50.7198826162,Bournemouth Square
1290BOB20389,-1.8781154823,50.719837282,Bournemouth Square
1290BOB20390,-1.8778039239,50.7198009842,Bournemouth Square
1290BOB20391,-1.8775064851,50.7197826863,Bournemouth Square
1290BOB20392,-1.8757067161,50.7200415765,St Peters Church
1290BOB20393,-1.8729196272,50.7186986257,Hinton Road Top
1290BOB20394,-1.8757100463,50.71878257,Westover Road
1290BOB20396,-1.8774643155,50.719656741,Bournemouth Square
1290BOB20397,-1.8777051599,50.7196480009,Bournemouth Square
1290BOB20398,-1.8780025746,50.7196752912,Bournemouth Square
1290BOB20400,-1.8785971494,50.7198287916,Bournemouth Square
1290BOB20401,-1.8787528361,50.7198829112,Bournemouth Square
1290BOB20402,-1.8789793532,50.7199371041,Bournemouth Square
1290BOB20403,-1.8792058941,50.7199823036,Bournemouth Square
1290BOB20404,-1.8770471493,50.7166706487,Bournemouth Pier
1290BOB20405,-1.8770334079,50.7165087614,Bournemouth Pier
1290BOB20406,-1.8773304267,50.71667994,Bournemouth Pier
1290BOB20407,-1.8771600701,50.7168236475,Bournemouth Pier
1290BOB20408,-1.8737737935,50.7171257905,Royal Bath Hotel
1290BOB20409,-1.8710329551,50.7196587977,Top of Bath Hill
1290BOB20410,-1.8704806323,50.7196042279,Top of Bath Hill
1290BOB20411,-1.8678977577,50.7212650219,Lansdowne
1290BOB20412,-1.8677846288,50.7211929503,Lansdowne
1290BOB20413,-1.8644812387,50.7220974433,Lansdowne
1290BOB20414,-1.8644531388,50.7220164743,Lansdowne
1290BOB20415,-1.8620584216,50.7222025173,St Swithuns Roundabout
1290BOB20416,-1.866010085,50.7225038918,Lansdowne
1290BOB20417,-1.8658261478,50.722422744,Lansdowne
1290BOB20418,-1.8657267234,50.7225125588,Lansdowne
1290BOB20419,-1.8658111848,50.7227015074,Lansdowne
1290BOB20420,-1.8638648543,50.7245877652,Unisys
1290BOB20422,-1.863624217,50.7245155407,Unisys
1290BOB20423,-1.8600741197,50.7225238983,St Swithuns Roundabout
1290BOB20424,-1.8561352556,50.7226809776,Derby Road
1290BOB20425,-1.8550436876,50.7229134418,Derby Road
1290BOB20426,-1.8527485639,50.7229375447,Lynton Court
1290BOB20427,-1.8524647737,50.7230810728,Lynton Court
1290BOB20428,-1.8488080784,50.7235799925,Boscombe Gardens
1290BOB20430,-1.8438998962,50.7254890178,Boscombe Crescent
1290BOB20431,-1.8414451852,50.7265828422,Palmerston Road
1290BOB20432,-1.8418300831,50.7258819171,Palmerston Road
1290BOB20433,-1.8441427158,50.7248958097,Boscombe Crescent
1290BOB20434,-1.8447796294,50.7250855107,Boscombe Crescent
1290BOB20435,-1.8485674115,50.7235257226,Boscombe Gardens
1290BOB20436,-1.8504476006,50.7203446531,Putting Green
1290BOB20437,-1.8504196691,50.7202187162,Putting Green
1290BOB20438,-1.8539630098,50.7196386675,Toft Steps
1290BOB20439,-1.8539484805,50.7197555574,Toft Steps
1290BOB20440,-1.8581152275,50.7191132112,Cottonwood Hotel
1290BOB20441,-1.8585257368,50.7192126323,Cottonwood Hotel
1290BOB20442,-1.865072789,50.7183660639,East Cliff Lift
1290BOB20443,-1.8654414795,50.718231596,East Cliff Lift
1290BOB20444,-1.8702737294,50.7175805884,Russell Cotes Museum
1290BOB20445,-1.8756356002,50.7201494159,St Peters Church
1290BOB20446,-1.8755763403,50.7211295817,Burlington Arcade
1290BOB20447,-1.8741440904,50.7216676202,The Zoo and Cage
1290BOB20448,-1.8726829381,50.7224034538,Horseshoe Common
1290BOB20449,-1.8727822272,50.7223585975,Horseshoe Common
1290BOB20450,-1.8706388138,50.7238940292,Coppen Court
1290BOB20451,-1.8705683741,50.7237500643,Coppen Court
1290BOB20452,-1.8705727094,50.7221763074,Wootton Gardens
1290BOB20453,-1.8710407041,50.7219969674,Wootton Gardens
1290BOB20454,-1.8620035074,50.726429126,Bournemouth Station
1290BOB20455,-1.8618057642,50.7262220547,Bournemouth Station
1290BOB20456,-1.854394081,50.7268155607,Derby Road
1290BOB20457,-1.8496551777,50.7289228827,St Clements Church
1290BOB20458,-1.8496548036,50.7290397901,St Clements Church
1290BOB20459,-1.851913504,50.7271811465,Vale Road
1290BOB20460,-1.8520551293,50.7271993121,Vale Road
1290BOB20461,-1.8570444711,50.726504088,Derby Road
1290BOB20462,-1.8603903361,50.7257617296,Southcote Road
1290BOB20463,-1.8604467401,50.7258517264,Southcote Road
1290BOB20472,-1.8678222444,50.7279646631,Coach House Place
1290BOB20473,-1.8284208347,50.747041252,Cooper Dean Roundabout
1290BOB20474,-1.828746611,50.7471046811,Cooper Dean Roundabout
1290BOB20475,-1.8688987196,50.7280827863,Coach House Place
1290BOB20476,-1.8691943545,50.7287665799,Beechey Road
1290BOB20477,-1.8700430325,50.7292891179,Beechey Road
1290BOB20478,-1.871004217,50.7301265261,Milton Road
1290BOB20479,-1.8735800154,50.7312354753,Cemetery Junction
1290BOB20480,-1.8734659574,50.731496146,Cemetery Junction
1290BOB20481,-1.8745455543,50.7304811135,Homeoaks House
1290BOB20482,-1.8754998011,50.728629596,St Valerie Road
1290BOB20483,-1.875687111,50.7274517239,St Valerie Road
1290BOB20484,-1.8761559685,50.7269576123,Braidley Road
1290BOB20485,-1.8762434412,50.7260224417,Braidley Road
1290BOB20486,-1.8769691343,50.7248271513,Wimborne Road
1290BOB20487,-1.8766339315,50.722992241,Marshall Point
1290BOB20488,-1.8761374009,50.7232525094,Top of Dean Park Crescent
1290BOB20489,-1.8777115791,50.7226246663,Top of Richmond Hill
1290BOB20490,-1.8782234265,50.7219147609,Echo Office
1290BOB20491,-1.8802942736,50.7209276835,Hampshire Court
1290BOB20493,-1.881088794,50.7204518713,Boots
1290BOB20494,-1.8835096953,50.7210658341,Marks and Spencer
1290BOB20495,-1.8872815308,50.7195767155,Poole Hill
1290BOB20496,-1.8908927136,50.7200657686,St Michaels Roundabout
1290BOB20497,-1.8891218487,50.7201090627,St Michaels Church
1290BOB20498,-1.8869836788,50.7197293069,Poole Hill
1290BOB20499,-1.8835234381,50.7212367134,Marks and Spencer
1290BOB20500,-1.8803511908,50.7208288197,Bourne Avenue
1290BOB20501,-1.8871008658,50.7240190456,St Josephs Home
1290BOB20502,-1.8871851783,50.7243069006,St Josephs Home
1290BOB20503,-1.8908805589,50.7252996386,Queens Road
1290BOB20504,-1.890951251,50.7253626552,Queens Road
1290BOB20505,-1.8953562744,50.725870295,Prince of Wales Road
1290BOB20506,-1.8966451111,50.7260692887,Prince of Wales Road
1290BOB20507,-1.8995897822,50.7271240329,Bournemouth Wood Gardens
1290BOB20508,-1.9014304221,50.7277101429,Elm Gardens
1290BOB20509,-1.9010761558,50.7277368216,Elm Gardens
1290BOB20512,-1.9025520001,50.7266139498,Ipswich Road
1290BOB20513,-1.9022975737,50.7263259636,Ipswich Road
1290BOB20514,-1.9001885725,50.7253709281,Surrey Road
1290BOB20515,-1.8996644838,50.7253165208,Surrey Road
1290BOB20516,-1.897781242,50.7248292675,Surrey Gardens
1290BOB20517,-1.8979797239,50.7247664909,Surrey Gardens
1290BOB20518,-1.8950342522,50.724152358,Surrey Road South
1290BOB20519,-1.895232795,50.7240626073,Surrey Road South
1290BOB20520,-1.8928385252,50.7240604315,Queens Road
1290BOB20521,-1.8931220958,50.7239617696,Queens Road
1290BOB20522,-1.8914298399,50.7205788668,Queens Road
1290BOB20523,-1.8936531233,50.7209406329,Queens Road
1290BOB20525,-1.896682999,50.7217257414,Netherhall Gardens
1290BOB20526,-1.8970797222,50.7216991135,Netherhall Gardens
1290BOB20527,-1.8992745375,50.7221686622,Grand Bingo
1290BOB20528,-1.9002937963,50.7225202622,Grand Bingo
1290BOB20529,-1.9014702077,50.7222514746,The Westbourne
1290BOB20530,-1.9030999015,50.7220010384,Post Office
1290BOB20531,-1.9039211816,50.7221905695,The Libertine
1290BOB20532,-1.9037631189,50.7232785827,Westbourne Arcade
1290BOB20533,-1.9017115501,50.7220088693,Library
1290BOB20534,-1.9024107409,50.7195903596,Alum Chine Road
1290BOB20535,-1.9025237699,50.719734341,Alum Chine Road
1290BOB20536,-1.9040532546,50.7199514399,RL Stevenson Avenue
1290BOB20539,-1.9049409669,50.7222993204,Alumhurst Road
1290BOB20540,-1.9050716472,50.7207256651,Alumhurst Day Centre
1290BOB20541,-1.9049787573,50.7176230293,Warren Road
1290BOB20542,-1.9045560984,50.7164895747,Herbert Road
1290BOB20544,-1.9040492064,50.7149963318,Alumdale Road
1290BOB20545,-1.9027355884,50.713214642,Beaulieu Road
1290BOB20546,-1.9007419004,50.7115852399,Crosby Road
1290BOB20547,-1.8997094219,50.7109008929,Sandbourne Road
1290BOB20548,-1.898179531,50.7110164751,Studland Road
1290BOB20549,-1.897100518,50.7122025959,Alum Chine
1290BOB20550,-1.8984490231,50.7108368513,Studland Road
1290BOB20551,-1.8995822595,50.7107568964,Sandbourne Road
1290BOB20552,-1.9008129268,50.711486378,Crosby Road
1290BOB20553,-1.9029905221,50.7132238474,Beaulieu Road
1290BOB20554,-1.9041346889,50.7147535929,Alumdale Road
1290BOB20555,-1.9046000721,50.7157611832,Herbert Road
1290BOB20556,-1.9053317676,50.7181808781,Warren Road
1290BOB20557,-1.9006300172,50.7176104112,St Ambrose Church
1290BOB20558,-1.8999132736,50.7149388972,Suspension Bridge
1290BOB20559,-1.8993042566,50.714911394,Suspension Bridge
1290BOB20560,-1.8958250672,50.7125252091,Bowling Green
1290BOB20561,-1.8951444825,50.7128483448,Bowling Green
1290BOB20562,-1.8948170425,50.7135944636,Milner Road
1290BOB20563,-1.8949014039,50.7138733208,Milner Road
1290BOB20564,-1.8932018218,50.7138178187,Cherry Tree Walk
1290BOB20565,-1.8926505688,50.713313708,Cherry Tree Walk
1290BOB20566,-1.8910874817,50.7154885489,Durley Chine Court
1290BOB20567,-1.8907330508,50.7156231113,Durley Chine Court
1290BOB20568,-1.8925172517,50.7158675789,Chine Crescent Road
1290BOB20569,-1.8959146942,50.7168239122,Clarendon Road
1290BOB20570,-1.9009264465,50.7181052747,St Ambrose Church
1290BOB20571,-1.9001480901,50.7177538864,St Ambrose Church
1290BOB20572,-1.8958011541,50.7169227331,Clarendon Road
1290BOB20573,-1.8922336875,50.7159842253,Chine Crescent Road
1290BOB20574,-1.8890031271,50.7163948696,Admirals Walk
1290BOB20575,-1.8889750521,50.7162869277,Admirals Walk
1290BOB20576,-1.8851923789,50.7165440594,Savoy Hotel
1290BOB20577,-1.8847534843,50.7164536971,Savoy Hotel
1290BOB20578,-1.8864486752,50.7183618619,West Hill Road
1290BOB20579,-1.8868444445,50.7187219638,West Hill Road
1290BOT11618,-1.9051934098,50.7235675279,County Gates
1290BTX38429,-1.9066325557,50.7692975124,Tonge Road
1290BTX38434,-1.8393191911,50.7516611344,B and Q
1290DOA90842,-1.8134054813,50.7268560957,Arnewood Road
1290DOB20884,-1.9010876191,50.7693828706,Library
1290DOB20885,-1.9032571768,50.7694476401,Home Road
1290DOB20886,-1.9010033684,50.7689871137,Library
1290DOB20887,-1.902464145,50.7689164015,Gullivers Tavern
1290DOB20888,-1.8990899798,50.7685088529,Horsham Avenue
1290DOB20889,-1.8977578174,50.768129993,Horsham Avenue
1290DOB20890,-1.8983238323,50.7686880446,Horsham Avenue
1290DOB20891,-1.8972430613,50.7700719964,Glendon Avenue
1290DOB20892,-1.8968595567,50.7703504363,Russel Road
1290DOB20893,-1.8958643931,50.7714646652,Park Road
1290DOB20894,-1.8955654584,50.7719679974,Kinson Park Road
1290DOB20897,-1.8932543051,50.7717590698,North Avenue
1290DOB20898,-1.8932544689,50.7716871271,North Avenue
1290DOB20899,-1.8906318271,50.7712710265,Kinson Park Road
1290DOB20900,-1.8907168115,50.7713160704,Kinson Park Road
1290DOB20901,-1.8920397315,50.7695636968,Russel Road
1290DOB20902,-1.89209629,50.7696356919,Russel Road
1290DOB20903,-1.89322085,50.7677662137,Wimborne Road
1290DOB20905,-1.8947385036,50.7676147146,The Broadway
1290DOB20906,-1.892852815,50.7674781049,The Broadway
1290DOB20907,-1.8904284526,50.7672690169,Ashridge Avenue
1290DOB20908,-1.8904144613,50.7671880681,Ashridge Avenue
1290DOB20909,-1.8872226627,50.7676976183,New Road Corner
1290DOB20910,-1.8873221419,50.7676077859,New Road Corner
1290DOB20911,-1.8839494935,50.766678215,Brierley Road
1290DOB20912,-1.8838234312,50.7660485896,Brierley Road
1290DOB20913,-1.8829325182,50.7650764702,Saxonhurst Road
1290DOB20914,-1.8816581415,50.7643647484,Saxonhurst Road
1290DOB20915,-1.879533512,50.7634722802,Headswell Avenue
1290DOB20916,-1.8788539569,50.7630668976,Headswell Avenue
1290DOB20917,-1.875368134,50.7622268886,Redhill Roundabout
1290DOB20918,-1.9015151627,50.768376033,Primary School
1290DOB20919,-1.9017142949,50.7680884297,Primary School
1290DOB20920,-1.9019484585,50.7646083919,Burcombe Road
1290DOB20921,-1.9020474711,50.7647253823,Burcombe Road
1290DOB20922,-1.9017418492,50.7617035243,Brook Road
1290DOB20923,-1.9018412126,50.7616496508,Brook Road
1290DOB20924,-1.9005283008,50.758959672,United Reformed Church
1290DOB20925,-1.9007133164,50.7586270936,United Reformed Church
1290DOB20926,-1.8996496994,50.7587610763,United Reformed Church
1290DOB20927,-1.9021790199,50.7560383859,Hadow Road
1290DOB20928,-1.9023634884,50.7559576046,Hadow Road
1290DOB20929,-1.9040548426,50.7538546761,Cherford Road
1290DOB20930,-1.9041966788,50.7538188212,Cherford Road
1290DOB20931,-1.9061293629,50.7514642592,Kingsbere Avenue
1290DOB20932,-1.9060438236,50.7517069981,Kingsbere Avenue
1290DOB20933,-1.9070385931,50.7504577851,Acton Road
1290DOB20934,-1.9069672712,50.7506825502,Acton Road
1290DOB20957,-1.8912105548,50.7418648805,Talbot Manor
1290DOB20959,-1.8876547486,50.7412230137,Talbot Roundabout
1290DOB20960,-1.8875417351,50.7410700255,Talbot Roundabout
1290DOB20961,-1.8832333916,50.7410388125,Osborne Road
1290DOB20962,-1.8827945637,50.7408315357,Osborne Road
1290DOB20963,-1.8804008602,50.7402715458,Winton Banks
1290DOB20964,-1.8803869629,50.7401636168,Winton Banks
1290DOB20965,-1.877666704,50.7507364321,Ensbury Park Road
1290DOB20966,-1.8820330417,50.7506060372,Highfield Road
1290DOB20967,-1.8825004432,50.7507593881,Highfield Road
1290DOB20968,-1.8864838631,50.7507003832,Ensbury Park Hotel
1290DOB20969,-1.8851267526,50.7491792574,Pickford Road
1290DOB20970,-1.8853249808,50.7492693813,Pickford Road
1290DOB20971,-1.8847080007,50.7465349361,Namu Road
1290DOB20972,-1.8847943692,50.7459954482,Namu Road
1290DOB20973,-1.8832973468,50.7438176805,Stanfield Road Post Office
1290DOB20974,-1.883297548,50.7437367447,Stanfield Road Post Office
1290DOB20976,-1.8806946368,50.7417826532,Woodend Road
1290DOB20977,-1.9042841572,50.7526318335,Columbia Road
1290DOB20978,-1.9006134555,50.7522240837,Priestley Road
1290DOB20979,-1.9010814078,50.7521525385,Priestley Road
1290DOB20980,-1.8976082887,50.7521765196,Howeth Road
1290DOB20981,-1.8957940107,50.752075991,Howeth Road
1290DOB20982,-1.8918673127,50.7520814093,Hendford Road
1290DOB20983,-1.891881737,50.7519735081,Hendford Road
1290DOB20984,-1.8870059466,50.7516990998,Ensbury Park Hotel
1290DOB20985,-1.8882390323,50.7517812238,Ensbury Park Hotel
1290DOB20986,-1.8858696233,50.7526332526,Redhill Drive
1290DOB20987,-1.8866592604,50.7543786405,Barnes Road
1290DOB20988,-1.8867719558,50.7546755148,Barnes Road
1290DOB20989,-1.8866952762,50.7570765372,Hillview Road
1290DOB20990,-1.8865676811,50.7570764132,Hillview Road
1290DOB20991,-1.8876245349,50.7597663038,Saxonhurst Road
1290DOB20992,-1.8879782347,50.7600813944,Saxonhurst Road
1290DOB20994,-1.8902406588,50.7626824829,Palfrey Road
1290DOB20995,-1.8895616788,50.7619983845,Palfrey Road
1290DOB20996,-1.8916830069,50.764374489,Gillam Road
1290DOB20997,-1.8920657692,50.7644108153,Gillam Road
1290DOB20998,-1.8940492076,50.765159041,East Howe Lane
1290DOB20999,-1.8940777903,50.7650601456,East Howe Lane
1290DOB21000,-1.895302298,50.7627950507,Brook Road
1290DOB21001,-1.8954165316,50.7624354387,Brook Road
1290DOB21002,-1.8963716001,50.7601341182,Green Lane
1290DOB21003,-1.8969533987,50.7599098121,Green Lane
1290DOB21004,-1.8848232332,50.7515620714,Cherries Drive
1290DOB21005,-1.8545205747,50.7591631594,Muscliffe School
1290DOB21006,-1.8552572681,50.7593439334,Muscliffe School
1290DOB21007,-1.8588720936,50.7595282208,Stratton Road
1290DOB21008,-1.8592279186,50.7590700145,Stratton Road
1290DOB21009,-1.8613709755,50.7583261733,Colehill Crescent
1290DOB21010,-1.8623340235,50.7586780359,Colehill Crescent
1290DOB21011,-1.8622425154,50.7608721876,Epiphany School
1290DOB21012,-1.8621559393,50.7613846787,Epiphany School
1290DOB21013,-1.8655723462,50.7616044951,Granby Road
1290DOB21014,-1.8654017387,50.7617661699,Granby Road
1290DOB21015,-1.8697159425,50.7603681818,Muscliffe Lane
1290DOB21016,-1.8700279381,50.7603415513,Muscliffe Lane
1290DOB21017,-1.8695764849,50.7595316893,Lawford Road
1290DOB21018,-1.8702282736,50.7596763022,Lawford Road
1290DOB21019,-1.8679201431,50.7586485243,Redbreast Road North
1290DOB21020,-1.858362601,50.7545275662,Broadway
1290DOB21021,-1.8585039046,50.7546806167,Broadway
1290DOB21022,-1.8602606392,50.7550694284,Claremont Avenue
1290DOB21023,-1.8630502315,50.756169868,Littlecroft Avenue
1290DOB21024,-1.8632054177,50.7564308435,Littlecroft Avenue
1290DOB21025,-1.8649176027,50.7575569481,West Way
1290DOB21026,-1.8651324085,50.7568107883,West Way Garage
1290DOB21027,-1.8652167223,50.7570716791,West Way Garage
1290DOB21028,-1.8658927405,50.7536821448,Haverstock Road
1290DOB21029,-1.8660628805,50.7536733474,Haverstock Road
1290DOB21030,-1.8635060116,50.7505678396,Brockenhurst Road
1290DOB21031,-1.8635350158,50.7503430515,Brockenhurst Road
1290DOB21032,-1.8616512527,50.7498192449,Malvern Road Bottom
1290DOB21033,-1.8618637988,50.7498464755,Malvern Road Bottom
1290DOB21034,-1.8646295919,50.7492741741,St. Walburgas School
1290DOB21035,-1.8666572115,50.7490606808,Ripon Road
1290DOB21036,-1.8665293314,50.7491684491,Ripon Road
1290DOB21037,-1.8695377467,50.7479668068,Brassey Close
1290DOB21038,-1.8699626073,50.7481021746,Brassey Close
1290DOB21039,-1.8726692332,50.7483659548,Garth Road
1290DOB21041,-1.8730516799,50.7484652935,Garth Road
1290DOB21042,-1.8765231163,50.748981615,Brassey Road
1290DOB21043,-1.8767071287,50.7490807314,Brassey Road
1290DOB21044,-1.8770437909,50.7504300191,Ensbury Park Road
1290DOB21045,-1.877042401,50.7509605976,Ensbury Park Road
1290DOB21046,-1.8761725305,50.7529201249,Cowper Road
1290DOB21047,-1.8761309757,50.7525513727,Cowper Road
1290DOB21048,-1.8751330905,50.7546456488,Mclaren Road
1290DOB21049,-1.8743801233,50.7552473628,Malvern Road
1290DOB21050,-1.8738111217,50.7559661784,Malvern Road
1290DOB21051,-1.8728871146,50.7568914408,Linden Road
1290DOB21052,-1.8724870992,50.758015113,Linden Road
1290DOB21053,-1.8721839825,50.7599932122,Westover Retail Park
1290DOB21054,-1.8722941521,50.761189384,The Horse and Jockey
1290DOB21055,-1.8720005256,50.7596782607,Westover Retail Park
1290DOB21056,-1.8774021881,50.7488926135,Brassey Road
1290DOB21057,-1.8775291509,50.7491265619,Brassey Road
1290DOB21058,-1.877931308,50.7471035845,Police Station
1290DOB21059,-1.8779615501,50.7463751923,Library
1290DOB21060,-1.8783897287,50.7452335428,Peters Hill
1290DOB21061,-1.8783199559,50.7448108042,Peters Hill
1290DOB21062,-1.8790066587,50.7423384735,Wycliffe Road
1290DOB21063,-1.8789222018,50.7421135635,Wycliffe Road
1290DOB21064,-1.8793651835,50.7407021381,Winton Banks
1290DOB21065,-1.8795394037,50.7390835966,Winton Banks
1290DOB21066,-1.8798666895,50.7385623461,Stirling Road
1290DOB21067,-1.8800408155,50.736970782,East Avenue Roundabout
1290DOB21068,-1.8783898575,50.7397119064,Winton Banks
1290DOB21069,-1.8788433612,50.7397123784,Winton Banks
1290DOB21071,-1.8738429204,50.7388617436,Stoke Wood Road
1290DOB21072,-1.8726953027,50.7387525816,Stokewood Road
1290DOB21073,-1.870754993,50.7383097952,Heron Court Road
1290DOB21074,-1.8685025709,50.7380015185,Heron Court Road
1290DOB21075,-1.8614852342,50.7436319409,Five Ways
1290DOB21076,-1.8610908335,50.7428041256,Five Ways
1290DOB21077,-1.8623278588,50.7414476653,Markham Road
1290DOB21078,-1.8634937168,50.7401720445,St Albans Road
1290DOB21079,-1.8636673071,50.7389582062,St. Albans Church
1290DOB21080,-1.8639377691,50.7385448487,St. Albans Church
1290DOB21081,-1.86422453,50.7373940915,Richmond Wood Road
1290DOB21082,-1.8657586276,50.7361368612,The Richmond Arms
1290DOB21083,-1.8655027787,50.7364063535,The Richmond Arms
1290DOB21084,-1.8673338337,50.7353472883,Malmesbury Park Road
1290DOB21085,-1.8678301614,50.7352219512,Malmesbury Park Road
1290DOB21086,-1.8701152143,50.7339295402,Lowther Road
1290DOB21087,-1.8700723056,50.734073379,Lowther Road
1290DOB21088,-1.8722153218,50.7328617045,Cemetery Junction
1290DOB21089,-1.8732649879,50.7324581691,Cemetery Junction
1290DOB21090,-1.8696491618,50.7384704366,Heron Court Road
1290DOB21091,-1.8694028921,50.7403946414,Maxwell Road
1290DOB21092,-1.8692897399,50.7403135785,Maxwell Road
1290DOB21093,-1.8689446381,50.7420937846,Markham Road
1290DOB21094,-1.8687165421,50.7425701514,Markham Road
1290DOB21095,-1.8688121337,50.7438652356,Green Road
1290DOB21096,-1.8689965113,50.7438204784,Green Road
1290DOB21097,-1.8696878293,50.7449633501,Pine Road
1290DOB21098,-1.8695460436,50.7449811773,Pine Road
1290DOB21099,-1.8690299745,50.747066949,Shirley Road
1290DOB21100,-1.8683497639,50.7470122258,Shirley Road
1290DOB21101,-1.8677406792,50.7468676505,Southill Road
1290DOB21102,-1.8650056126,50.746675666,Gresham Road
1290DOB21103,-1.8645938638,50.7469179966,Gresham Road
1290DOB21104,-1.8655384064,50.7487086738,Charminster Avenue
1290DOB21105,-1.8653401412,50.7486454948,Charminster Avenue
1290DOB21106,-1.8615492314,50.7459611756,The Library
1290DOB21107,-1.8614071742,50.7460689216,The Library
1290DOB21108,-1.8611766421,50.7473366446,St Francis Church
1290DOB21109,-1.8612026774,50.7481190567,St Francis Church
1290DOB21110,-1.8603298975,50.7508518514,Uplands Road
1290DOB21111,-1.8603429758,50.7512205752,Uplands Road
1290DOB21112,-1.8580667993,50.7538977053,Broadway
1290DOB21113,-1.8577973958,50.7539153629,Broadway Tavern
1290DOB21114,-1.8569717191,50.7550474556,The Electric Club
1290DOB21115,-1.8561479322,50.7555500435,Larksfield Avenue
1290DOB21116,-1.8558630436,50.7559903426,Larksfield Avenue
1290DOB21117,-1.8540573485,50.7576697642,Harbeck Road
1290DOB21118,-1.8538292216,50.7580831506,Harbeck Road
1290DOB21119,-1.8522640881,50.7598617668,Throop Post Office
1290DOB21120,-1.8523925394,50.7595921434,Throop Post Office
1290DOB21122,-1.8538622256,50.7565903752,Broadway Lane
1290DOB21123,-1.8543154453,50.7567348282,Harbeck Road
1290DOB21124,-1.8512262026,50.7562992705,Hungerford Road
1290DOB21125,-1.8509268576,50.7568114821,Hungerford Road
1290DOB21126,-1.8472580236,50.7558714761,John Pound House
1290DOB21127,-1.847299764,50.7561143383,John Pound House
1290DOB21128,-1.8443558554,50.7546356151,Setley Gardens
1290DOB21129,-1.8450795978,50.7544117568,Setley Gardens
1290DOB21130,-1.8453703259,50.752226873,Yeomans Road
1290DOB21131,-1.845568668,50.7522631074,Yeomans Road
1290DOB21132,-1.8611107993,50.7456369103,The Library
1290DOB21133,-1.8579233073,50.7451024901,The Crematorium
1290DOB21134,-1.8393913098,50.7471557981,Feversham Avenue Shops
1290DOB21136,-1.843700762,50.751271402,Castlepoint
1290DOB21138,-1.8394749379,50.7517153062,Eventide Homes
1290DOB21139,-1.8331624542,50.7529294787,Woodbury Avenue
1290DOB21140,-1.828839806,50.7526444356,Townsend School
1290DOB21141,-1.8258334554,50.7529277569,Hopkins Close
1290DOB21142,-1.8254006249,50.751146519,Cheshire Drive
1290DOB21143,-1.8267063895,50.7507078152,Cheshire Drive
1290DOB21144,-1.8300431482,50.7491749421,War Memorial Homes
1290DOB21145,-1.8332582445,50.749908007,Ibbertson Road
1290DOB21146,-1.8327901158,50.7500062585,Ibbertson Road
1290DOB21147,-1.8296463512,50.7491473845,War Memorial Homes
1290DOB21149,-1.8304003779,50.7483840881,Cooper Dean
1290DOB21150,-1.8303160781,50.748177129,Cooper Dean
1290DOB21152,-1.8347620968,50.7495414391,Mount Pleasant Drive
1290DOB21153,-1.8361499531,50.7499121055,Mount Pleasant Drive
1290DOB21154,-1.8386707003,50.7506170647,Craigmore Road
1290DOB21155,-1.8384579786,50.7506437489,Craigmore Road
1290DOB21156,-1.842212883,50.7511075266,Castlepoint
1290DOB21157,-1.8472885582,50.7508444968,Mallard Road
1290DOB21158,-1.8494560863,50.7512519945,East Way
1290DOB21159,-1.849696522,50.7514231694,East Way
1290DOB21160,-1.8539172418,50.7525796213,Mill Road
1290DOB21161,-1.856549527,50.7540307421,Broadway Tavern
1290DOB21162,-1.8521608798,50.7521187712,Mill Road
1290DOB21163,-1.8605504465,50.7434149974,Five Ways Hotel
1290DOB21164,-1.8589602865,50.7396180829,Howard Road
1290DOB21167,-1.8506692813,50.7352821742,Gilbert Road
1290DOB21169,-1.8509114383,50.7348867962,Gilbert Road
1290DOB21170,-1.8561775294,50.7366380336,Bennett Road
1290DOB21171,-1.8597767886,50.7367053675,Howard Road
1290DOB21172,-1.8640846651,50.7367554325,Charminster
1290DOB21173,-1.8644101848,50.7368996979,Charminster
1290DOB21174,-1.8587137688,50.7367670347,Howard Road
1290DOB21175,-1.855511241,50.7367181461,Bennett Road
1290DOB21176,-1.8209697157,50.7458519827,Bournemouth Hospital
1290DOB21177,-1.8137274297,50.7421355665,Cheriton Avenue
1290DOB21178,-1.8134589705,50.7419283007,Cheriton Avenue
1290DOB21179,-1.8107844416,50.7409077941,Iford Roundabout
1290DOB21181,-1.8103891422,50.7405294501,Iford Roundabout
1290DOB21182,-1.8176194327,50.7435536032,Castle Lane Tesco
1290DOB21183,-1.8224737376,50.7454316159,Littledown Centre
1290DOB21184,-1.8186088751,50.7442475994,Castle Lane Tesco
1290DOB21185,-1.8156437428,50.7413742152,St Peters School
1290DOB21186,-1.8157016328,50.7410685481,St Peters School
1290DOB21187,-1.8193627724,50.7398602349,Warnford Road
1290DOB21188,-1.8195904918,50.7396087862,Warnford Road
1290DOB21189,-1.8215501814,50.7385686247,Bicknell School
1290DOB21190,-1.8221889254,50.7382998132,Bicknell School
1290DOB21191,-1.8247626303,50.7359835394,Durrington Road
1290DOB21192,-1.8249331497,50.7358578948,Durrington Road
1290DOB21193,-1.8294510208,50.7365840224,Avonbourne School
1290DOB21194,-1.8299314024,50.7369804119,Avonbourne School
1290DOB21195,-1.8337264972,50.7377682676,Glencoe Road
1290DOB21196,-1.8346904673,50.737679709,Glencoe Road
1290DOB21197,-1.8373420053,50.7372517783,Bishops Close
1290DOB21198,-1.8368880888,50.7373770449,Bishops Close
1290DOB21199,-1.8409715138,50.7367621746,Thistlebarrow Road
1290DOB21200,-1.8406168095,50.736887591,Thistlebarrow Road
1290DOB21201,-1.8441778181,50.7356693686,Queens Park Hotel
1290DOB21202,-1.8444896639,50.7356428062,Queens Park Hotel
1290DOB21203,-1.8092295436,50.7399070486,Iford Roundabout
1290DOB21204,-1.8097403187,50.7397639966,Iford Roundabout
1290DOB21205,-1.8114476706,50.7380940895,Exton Road
1290DOB21206,-1.8138639834,50.7362903971,Warnford Road
1290DOB21207,-1.8167757929,50.734559377,Hambledon Road
1290DOB21208,-1.8187781563,50.7334383921,Harewood Avenue
1290DOB21209,-1.8213192157,50.7322282702,St James School
1290DOB21210,-1.8210351365,50.7324076928,St James School
1290DOB21211,-1.8223123872,50.731888057,Spurgeon Road
1290DOB21213,-1.8228226961,50.731834876,Spurgeon Road
1290DOB21214,-1.8254201079,50.7306607218,Pokesdown Station
1290DOB21215,-1.8270091809,50.7300875434,Hannington Road
1290DOB21216,-1.8270798275,50.7301416057,Hannington Road
1290DOB21217,-1.8312365677,50.7286998361,Parkwood Road
1290DOB21218,-1.835462697,50.7275997469,Ashley Road
1290DOB21219,-1.8360580485,50.7275196492,Ashley Road
1290DOB21220,-1.8337321263,50.728172839,Portman Road
1290DOB21221,-1.8293924238,50.7293086709,Parkwood Road
1290DOB21222,-1.8187490874,50.733627198,Harewood Avenue
1290DOB21223,-1.8158667016,50.7351155055,Hambledon Road
1290DOB21224,-1.8127265448,50.7372328312,Warnford Road
1290DOB21225,-1.8111342709,50.7384982631,Exton Road
1290DOY39222,-1.901214547,50.7697157136,Library
1290DOZ04830,-1.8585666778,50.7479630106,Summerbee Schools
1290DOZ04832,-1.8596152659,50.7480721922,Bournemouth School For Boys
1290DOZ04833,-1.8502971549,50.7275477923,Bethany Junior School
1290DOZ04834,-1.8504386948,50.7275929385,Bethany Junior School
1290DOZ04835,-1.898834001,50.7556938032,Kings High School
1290DOZ04917,-1.8742072094,50.7615781562,Redhill Roundabout
1290POA11948,-1.8864635026,50.770835387,Greenacres Close
1290POA11955,-1.8904740597,50.7416573545,Talbot Manor
1290POZ00750,-1.9118069808,50.7626198483,Poole Lane
1290POZ00751,-1.8926727293,50.7222167299,Suffolk Road
1290WDX38475,-1.8823421206,50.7573689917,Headswell Avenue
1290WDX38476,-1.8820720057,50.7576654836,Headswell Avenue
1290WDX38480,-1.8756247349,50.7617055765,Redhill Roundabout
1290WDX38483,-1.7936277197,50.7234054568,St Peters School
1290WDY38470,-1.8838057251,50.7560215283,Hill View Road
1290WDY38471,-1.8834364998,50.7562729603,Hill View Road
1290WDY38476,-1.8808629528,50.7592290139,Redhill Drive
1290WDY38477,-1.8804796002,50.7594444505,Redhill Drive
1290WDY38478,-1.8789588711,50.7608727479,Pine Vale Crescent
1290WDY38479,-1.8759652598,50.7616160105,Wimborne Road Roundabout
